p1,p2,score1,score2,tempo
29,185,0,2,600
445,175,4,4,706
571,573,8,6,600
167,83,5,6,600
402,202,8,3,600
551,161,3,4,600
372,158,6,1,600
437,189,2,3,600
171,447,9,9,693
444,268,1,7,600
102,412,4,9,600
467,190,3,4,600
310,13,9,1,600
395,372,1,4,600
468,480,3,4,600
421,440,7,6,600
376,339,4,10,369
129,22,1,5,600
11,507,8,9,600
118,31,0,7,600
262,34,2,1,600
47,412,4,1,600
469,351,3,5,600
426,444,8,5,600
576,149,5,7,600
230,563,3,9,600
396,228,6,6,633
180,405,7,5,600
121,140,2,3,600
163,61,5,3,600
355,118,8,5,600
229,316,0,6,600
543,242,4,4,674
535,2,3,8,600
301,464,9,8,600
379,371,7,6,600
257,249,8,3,600
541,96,9,0,600
559,17,2,9,600
117,154,8,5,600
338,235,3,3,691
417,547,5,4,600
480,83,5,3,600
60,452,1,5,600
525,331,0,4,600
71,436,4,6,600
59,214,6,9,600
237,114,3,5,600
34,85,0,2,600
303,588,1,0,600
447,515,5,9,600
100,278,6,2,600
516,213,4,8,600
101,401,2,2,725
472,174,8,4,600
13,184,6,9,600
235,239,10,3,336
216,535,8,2,600
534,460,1,2,600
585,488,5,7,600
594,296,6,5,600
524,279,7,5,600
219,161,3,2,600
35,243,5,9,600
229,536,5,6,600
63,392,7,5,600
576,127,5,6,600
31,224,3,0,600
338,254,3,3,652
234,530,4,9,600
201,42,10,6,443
544,513,3,9,600
415,109,2,0,600
516,161,2,8,600
256,311,0,9,600
260,321,5,6,600
175,137,7,4,600
562,515,5,5,604
531,269,0,2,600
412,304,5,4,600
138,73,2,0,600
444,559,10,7,510
222,412,5,3,600
208,246,7,7,662
159,32,5,6,600
253,589,5,0,600
476,530,3,2,600
73,249,8,2,600
268,153,7,3,600
250,439,2,3,600
312,207,6,3,600
465,385,3,4,600
158,22,3,6,600
70,149,5,5,691
69,42,9,6,600
582,221,9,1,600
165,326,6,3,600
172,86,6,7,600
309,166,5,2,600
334,416,3,6,600
506,487,3,1,600
508,559,10,7,501
208,71,5,7,600
144,246,7,7,657
460,146,2,1,600
196,504,0,0,600
437,37,4,2,600
521,283,6,4,600
493,582,1,4,600
199,456,8,1,600
38,361,9,1,600
427,497,2,4,600
395,514,8,5,600
553,345,3,5,600
148,390,6,4,600
114,214,6,3,600
42,58,1,9,600
377,465,3,5,600
116,537,2,8,600
274,183,5,6,600
246,273,5,7,600
122,106,8,0,600
492,535,7,6,600
87,574,6,5,600
447,130,8,10,514
503,308,5,0,600
252,289,5,9,600
227,109,3,0,600
293,479,9,8,600
446,536,4,4,720
531,206,7,2,600
479,115,7,9,600
214,483,6,5,600
312,245,5,2,600
237,94,5,5,658
2,36,4,2,600
537,32,5,2,600
358,388,10,5,404
579,544,9,4,600
178,318,6,5,600
202,410,2,8,600
277,344,6,8,600
446,173,9,4,600
597,119,9,4,600
131,25,4,9,600
22,556,0,2,600
38,47,0,0,660
575,270,5,6,600
581,268,2,5,600
458,198,6,8,600
18,342,9,6,600
89,224,3,5,600
447,181,3,9,600
311,222,2,0,600
508,525,3,8,600
104,284,1,3,600
506,163,3,0,600
224,90,6,4,600
119,572,3,9,600
513,133,5,2,600
220,251,6,4,600
401,176,3,1,600
441,447,9,9,618
434,204,1,8,600
146,128,1,2,600
328,538,4,3,600
79,397,8,4,600
154,135,0,9,600
201,232,0,6,600
216,410,3,2,600
121,594,5,3,600
240,102,9,9,624
50,223,7,6,600
516,309,2,8,600
205,289,5,4,600
353,480,4,4,710
70,585,7,6,600
93,254,3,5,600
526,312,4,5,600
11,410,3,9,600
177,309,2,0,600
438,334,7,1,600
571,447,9,6,600
275,139,3,8,600
517,202,8,4,600
421,468,4,6,600
174,595,7,8,600
116,482,7,8,600
503,34,2,0,600
375,110,2,2,683
278,413,1,6,600
20,219,1,9,600
166,219,1,4,600
506,247,3,0,600
202,371,7,8,600
301,153,7,8,600
415,278,7,1,600
207,342,10,6,445
599,63,5,0,600
230,175,4,10,388
544,305,5,9,600
314,258,5,3,600
469,123,0,5,600
528,575,6,8,600
286,293,8,2,600
69,484,9,5,600
582,282,6,2,600
278,286,0,6,600
56,40,5,4,600
458,155,3,8,600
238,130,8,7,600
229,183,4,6,600
386,493,5,5,670
214,439,2,6,600
240,578,1,10,228
289,19,7,5,600
84,100,2,9,600
178,207,5,5,735
346,562,5,1,600
384,404,2,10,296
182,17,1,4,600
213,195,9,4,600
198,46,4,6,600
378,63,6,3,600
266,566,8,7,600
365,575,6,8,600
285,594,6,7,600
412,442,5,4,600
99,539,1,4,600
129,335,9,5,600
28,420,1,0,600
255,338,3,4,600
370,381,8,3,600
294,377,6,4,600
29,484,9,2,600
562,241,0,4,600
99,330,0,5,600
487,507,8,3,600
36,549,4,4,746
87,283,6,6,689
526,368,4,4,616
218,576,6,8,600
317,490,3,3,691
300,290,4,7,600
437,550,0,2,600
386,293,8,5,600
32,514,8,4,600
56,17,1,3,600
119,324,1,9,600
570,520,8,8,629
127,261,1,5,600
97,242,3,4,600
468,284,0,4,600
459,460,0,3,600
160,225,3,8,600
418,565,2,5,600
18,112,4,7,600
48,292,10,5,413
369,70,5,1,600
384,328,2,10,292
544,192,0,10,172
137,335,9,6,600
3,238,6,3,600
387,271,3,8,600
344,376,10,5,416
414,182,4,3,600
193,36,4,6,600
598,37,5,5,734
191,591,6,3,600
428,382,4,3,600
145,96,10,8,524
358,270,5,6,600
539,479,9,0,600
181,133,5,4,600
88,203,3,4,600
186,129,5,1,600
301,332,6,8,600
155,35,8,2,600
311,453,9,0,600
95,237,6,4,600
248,401,2,1,600
339,394,9,5,600
233,312,2,4,600
580,376,9,10,576
424,594,4,7,600
173,147,4,9,600
360,391,1,2,600
89,5,7,4,600
284,298,2,1,600
370,514,9,3,600
184,50,6,6,620
119,574,6,10,430
400,471,1,4,600
205,421,7,5,600
356,78,8,2,600
220,548,8,3,600
72,564,5,6,600
210,16,3,2,600
75,90,6,6,620
425,533,8,5,600
112,148,5,4,600
116,281,7,8,600
287,474,2,4,600
220,440,7,4,600
148,575,6,5,600
523,597,5,5,650
88,231,7,5,600
318,293,8,6,600
306,60,5,0,600
174,451,3,8,600
163,343,5,2,600
582,180,5,3,600
418,481,7,5,600
422,260,5,0,600
494,37,5,0,600
265,159,6,0,600
358,134,6,5,600
397,200,6,7,600
164,578,0,2,600
307,571,6,5,600
40,317,3,5,600
317,562,5,3,600
513,379,5,2,600
355,313,7,5,600
418,386,5,4,600
462,401,2,5,600
57,190,3,8,600
21,89,5,6,600
140,497,1,1,672
319,269,1,1,773
389,197,9,1,600
94,497,2,5,600
541,98,4,0,600
556,502,6,1,600
266,264,1,8,600
580,495,2,9,600
525,61,5,3,600
390,486,3,5,600
430,371,7,3,600
117,413,1,5,600
313,130,7,7,635
141,425,5,10,412
514,548,7,8,600
577,126,9,3,600
302,35,8,1,600
147,278,6,3,600
519,328,2,3,600
599,450,4,0,600
277,505,5,7,600
135,596,6,1,600
509,475,3,5,600
565,37,5,2,600
473,197,9,3,600
31,342,10,0,206
134,159,7,6,600
368,76,5,4,600
594,504,1,5,600
365,30,4,7,600
102,361,9,8,600
331,325,4,0,600
103,476,2,0,600
244,33,5,3,600
289,190,3,6,600
215,402,3,4,600
317,329,8,3,600
488,375,1,5,600
91,515,5,0,600
309,89,5,3,600
36,396,6,5,600
50,222,3,6,600
531,278,6,1,600
276,160,8,7,600
225,460,1,2,600
153,527,8,7,600
192,279,7,0,600
387,282,6,7,600
70,299,0,6,600
169,579,4,5,600
502,60,4,6,600
110,301,8,3,600
296,461,6,6,634
295,231,7,1,600
457,435,1,4,600
295,392,8,2,600
235,433,2,3,600
336,466,9,3,600
118,347,3,8,600
24,160,7,3,600
460,272,8,1,600
424,581,4,7,600
555,515,6,1,600
508,510,9,7,600
220,168,8,4,600
466,121,3,9,600
352,582,1,4,600
588,87,5,1,600
218,36,4,7,600
104,317,3,3,681
501,128,1,3,600
373,38,2,6,600
69,309,3,5,600
202,225,1,8,600
179,50,7,10,490
384,388,10,9,572
64,595,6,2,600
400,158,5,3,600
543,359,5,4,600
495,70,6,1,600
92,267,10,5,415
166,447,9,4,600
384,464,9,9,683
21,388,9,5,600
591,400,4,6,600
569,547,6,0,600
496,241,0,1,600
370,414,4,3,600
440,573,8,6,600
18,127,6,6,723
477,512,8,9,600
179,350,7,10,483
130,294,4,7,600
472,558,0,4,600
139,258,5,3,600
422,391,0,0,664
343,382,5,4,600
521,224,3,4,600
308,100,2,6,600
201,162,6,6,694
296,181,3,6,600
108,440,7,4,600
49,393,2,5,600
317,68,7,3,600
200,148,4,4,663
227,369,2,0,600
157,355,4,3,600
303,232,0,0,614
185,555,1,1,658
417,245,6,5,600
0,153,7,1,600
20,565,2,9,600
211,38,1,4,600
282,58,1,6,600
361,39,5,9,600
416,598,5,3,600
308,403,3,6,600
71,313,7,6,600
596,410,3,6,600
564,405,7,5,600
213,347,3,5,600
455,525,3,6,600
557,541,0,10,200
231,392,7,7,653
293,558,0,8,600
492,570,9,6,600
172,381,8,8,637
501,22,3,3,738
153,181,4,8,600
208,425,5,7,600
532,582,3,2,600
359,573,8,6,600
353,109,3,3,633
321,506,0,5,600
122,71,5,0,600
297,321,4,3,600
130,394,10,7,503
196,174,8,0,600
16,309,3,3,691
492,355,5,6,600
446,39,6,4,600
278,84,9,6,600
193,37,4,5,600
145,489,9,7,600
345,111,4,3,600
315,569,0,3,600
340,421,7,4,600
149,161,3,5,600
215,219,2,5,600
524,159,7,5,600
211,60,5,4,600
159,460,0,7,600
194,348,6,6,648
196,42,10,0,184
192,89,5,0,600
21,15,6,5,600
554,12,10,9,582
389,548,8,2,600
265,301,8,0,600
124,327,6,0,600
149,161,3,5,600
360,465,4,2,600
70,16,2,6,600
183,505,5,4,600
577,309,1,2,600
251,31,0,5,600
527,236,9,8,600
262,6,6,0,600
550,316,1,0,600
18,364,3,6,600
191,310,0,4,600
86,344,6,6,636
125,176,4,1,600
146,332,5,3,600
220,422,1,2,600
484,149,5,9,600
55,230,10,4,378
261,155,3,3,623
155,402,4,3,600
513,335,9,2,600
112,9,3,3,756
594,54,3,5,600
229,314,2,7,600
505,103,0,5,600
184,472,5,6,600
492,365,7,6,600
392,589,4,8,600
86,301,8,5,600
333,489,9,4,600
510,111,3,9,600
155,467,5,3,600
370,219,2,3,600
384,463,2,10,290
159,348,5,6,600
228,137,7,7,678
41,248,0,2,600
518,534,2,1,600
394,344,5,10,404
11,254,2,10,306
487,405,7,2,600
570,377,5,9,600
554,359,5,9,600
81,213,5,8,600
524,455,7,5,600
390,24,2,5,600
574,152,4,6,600
57,331,0,8,600
403,129,4,1,600
59,179,9,9,660
408,393,2,2,684
518,291,3,2,600
48,41,3,4,600
587,31,0,8,600
577,539,0,3,600
278,67,5,6,600
522,460,1,5,600
545,293,8,0,600
173,163,2,9,600
595,202,8,6,600
258,405,7,6,600
502,589,4,6,600
522,290,6,5,600
500,105,7,4,600
308,462,6,6,604
551,149,5,4,600
8,511,0,0,600
505,363,5,5,696
338,200,6,2,600
26,458,8,8,681
104,192,1,2,600
546,526,5,3,600
454,221,9,8,600
93,597,5,5,620
62,131,10,1,266
463,62,2,3,600
320,513,2,4,600
320,427,3,3,741
548,507,8,8,655
529,315,3,4,600
487,128,2,3,600
287,126,9,3,600
374,204,0,3,600
535,439,3,7,600
311,45,6,1,600
118,480,3,8,600
33,505,6,6,721
379,295,2,6,600
166,589,5,4,600
152,199,1,5,600
279,310,0,7,600
262,324,0,0,729
216,434,9,3,600
385,495,2,4,600
233,591,6,2,600
218,513,2,7,600
46,489,10,5,396
225,319,1,2,600
341,330,0,1,600
79,289,5,4,600
460,29,1,0,600
324,495,2,0,600
394,498,2,10,314
353,567,5,2,600
291,86,6,2,600
540,253,0,5,600
408,402,4,3,600
69,369,3,5,600
193,159,7,6,600
267,208,6,10,451
490,401,1,3,600
419,134,6,2,600
566,355,4,8,600
501,522,5,3,600
103,138,0,0,600
162,498,4,6,600
387,94,5,7,600
133,278,6,5,600
373,530,4,6,600
348,112,4,6,600
427,558,0,3,600
492,274,5,5,650
439,261,1,2,600
25,240,9,4,600
189,260,6,3,600
295,362,5,2,600
566,415,1,8,600
577,116,8,3,600
327,167,6,6,635
443,184,6,4,600
594,386,5,5,634
37,532,3,5,600
256,382,5,9,600
446,359,5,4,600
307,261,3,4,600
280,244,3,5,600
545,10,5,0,600
324,145,8,0,600
218,592,2,7,600
104,142,9,2,600
545,441,9,1,600
581,329,8,5,600
5,477,9,8,600
340,176,3,4,600
280,63,6,5,600
453,339,3,9,600
403,210,2,2,602
416,45,6,3,600
553,401,2,6,600
14,212,2,5,600
395,354,5,4,600
548,187,3,8,600
496,471,2,1,600
310,533,7,0,600
201,577,3,6,600
583,327,6,5,600
5,296,6,8,600
34,31,1,3,600
479,30,4,9,600
437,457,3,3,696
469,512,7,5,600
51,480,3,9,600
122,76,6,0,600
362,119,9,6,600
484,545,0,10,184
412,181,4,4,657
18,420,2,6,600
131,565,2,10,264
322,587,8,3,600
77,197,10,9,657
182,519,2,4,600
521,467,5,5,718
282,167,7,6,600
475,384,9,4,600
575,155,2,5,600
145,29,3,7,600
400,446,4,4,687
198,275,9,6,600
41,290,5,2,600
130,544,10,8,531
90,276,7,5,600
55,222,3,5,600
370,112,4,4,604
394,298,2,10,303
464,248,0,9,600
18,100,0,7,600
513,199,1,2,600
545,11,10,0,200
96,18,6,9,600
532,115,8,2,600
44,485,10,3,342
37,352,3,5,600
64,354,5,1,600
580,446,4,9,600
466,177,0,9,600
67,31,1,6,600
392,450,4,8,600
364,571,6,3,600
501,55,5,3,600
544,410,3,9,600
368,144,6,4,600
223,217,5,8,600
110,453,9,2,600
39,435,0,5,600
595,200,6,6,660
44,59,9,3,600
14,330,0,5,600
98,208,6,4,600
101,475,4,1,600
558,88,4,0,600
185,37,4,0,600
68,265,0,5,600
52,512,7,7,685
366,441,9,5,600
275,519,2,9,600
4,49,5,3,600
588,152,5,3,600
233,144,6,4,600
547,471,1,6,600
435,70,6,1,600
243,236,10,5,432
242,222,2,4,600
65,81,7,8,600
140,383,8,2,600
224,353,2,3,600
493,340,5,5,717
567,155,3,5,600
481,294,5,7,600
264,436,3,2,600
445,433,2,5,600
335,543,4,9,600
219,19,7,1,600
297,451,3,4,600
502,204,2,7,600
334,109,2,8,600
518,425,4,0,600
485,101,2,9,600
35,126,10,9,567
262,214,6,0,600
382,425,4,5,600
380,89,4,9,600
132,301,9,4,600
594,191,4,5,600
578,151,3,0,600
173,522,6,10,428
531,584,5,2,600
582,192,0,1,600
202,326,6,8,600
90,268,3,6,600
486,359,5,3,600
85,320,3,0,600
230,289,5,10,403
284,114,2,1,600
84,327,5,10,437
55,588,1,5,600
121,350,7,4,600
172,564,5,7,600
367,507,8,5,600
536,430,4,4,698
276,222,3,7,600
505,557,10,5,409
231,327,6,7,600
468,266,7,4,600
495,429,5,1,600
183,564,5,4,600
247,209,0,4,600
268,204,1,2,600
80,129,4,2,600
238,331,1,7,600
565,599,0,2,600
335,330,0,9,600
173,416,4,9,600
424,540,4,7,600
259,441,9,2,600
160,406,5,7,600
9,236,9,3,600
137,418,6,7,600
10,86,6,4,600
194,343,5,6,600
274,111,4,6,600
321,130,8,5,600
469,402,4,4,682
246,575,5,7,600
62,264,1,2,600
363,345,4,6,600
137,506,0,7,600
557,418,5,9,600
406,465,4,5,600
592,553,6,2,600
432,5,8,6,600
173,588,2,9,600
262,8,0,1,600
280,43,9,4,600
109,585,6,3,600
127,269,0,5,600
478,57,9,10,580
481,436,2,7,600
6,337,7,5,600
105,550,1,7,600
178,334,6,5,600
255,394,9,4,600
588,234,9,1,600
221,254,4,9,600
447,310,1,9,600
134,75,7,7,689
532,435,1,2,600
4,239,10,3,336
461,408,1,7,600
389,248,1,2,600
502,192,0,6,600
525,597,5,4,600
68,41,3,5,600
269,296,5,0,600
233,268,3,3,628
164,46,4,1,600
463,355,4,4,609
129,469,4,5,600
86,208,6,5,600
217,535,7,5,600
267,304,6,9,600
519,262,0,3,600
58,169,6,1,600
28,141,9,0,600
513,68,5,2,600
503,506,0,0,600
411,175,4,10,381
77,459,2,9,600
120,436,3,5,600
321,468,4,5,600
322,308,6,4,600
277,109,2,7,600
221,53,0,9,600
24,135,0,3,600
516,378,4,7,600
131,110,2,9,600
353,554,9,3,600
394,583,4,10,388
457,358,5,4,600
113,287,4,7,600
503,132,3,1,600
99,580,9,4,600
45,194,6,7,600
145,386,5,7,600
445,119,9,4,600
9,484,10,4,363
538,229,7,3,600
418,147,4,6,600
362,395,4,6,600
491,549,2,0,600
412,81,7,4,600
210,333,4,1,600
556,306,0,2,600
390,425,4,6,600
391,535,8,0,600
221,44,3,10,328
52,531,1,8,600
378,304,6,4,600
96,511,0,9,600
34,170,6,1,600
445,104,2,5,600
132,10,5,4,600
50,366,6,6,695
456,191,4,8,600
145,401,1,8,600
249,589,5,7,600
185,576,6,0,600
495,413,1,1,646
322,188,7,4,600
489,585,6,9,600
69,325,4,5,600
333,477,9,3,600
24,110,2,3,600
75,235,3,6,600
473,422,1,3,600
358,470,10,4,379
289,574,6,6,683
120,240,10,6,456
357,314,2,6,600
14,70,6,4,600
31,341,2,1,600
117,588,2,5,600
137,351,3,7,600
410,248,0,2,600
1,416,4,4,607
433,134,6,1,600
545,310,0,0,600
13,152,5,10,409
289,280,5,6,600
86,445,4,6,600
378,422,1,3,600
426,60,5,5,692
330,36,4,0,600
228,215,4,6,600
240,532,2,9,600
513,4,4,2,600
133,226,6,5,600
325,171,9,4,600
575,314,3,5,600
313,263,5,7,600
538,64,2,3,600
479,371,6,9,600
92,538,4,5,600
314,296,5,2,600
448,507,8,6,600
430,175,3,3,756
26,582,1,7,600
140,422,1,2,600
251,475,3,6,600
37,374,2,4,600
522,540,5,5,687
111,513,2,3,600
581,478,10,6,443
487,102,8,2,600
116,546,4,8,600
514,330,0,9,600
45,89,5,6,600
416,550,1,4,600
533,589,4,7,600
516,435,0,8,600
204,346,1,0,600
24,448,6,3,600
108,263,6,4,600
100,576,7,0,600
31,232,1,0,600
143,441,9,0,600
355,16,2,5,600
418,151,4,5,600
487,290,5,3,600
165,31,0,4,600
280,331,1,5,600
449,490,2,2,723
150,224,3,3,728
115,93,5,8,600
450,279,7,5,600
200,388,10,6,435
293,507,9,8,600
192,331,2,0,600
500,44,3,4,600
227,461,6,0,600
58,86,6,0,600
159,334,7,7,724
322,97,4,4,667
104,349,4,4,627
14,575,5,5,650
292,247,5,9,600
484,571,6,9,600
118,160,7,8,600
141,376,9,9,656
157,128,2,3,600
364,542,2,2,601
76,252,9,5,600
193,356,3,6,600
307,180,5,5,738
188,553,6,8,600
60,52,7,4,600
507,208,7,8,600
51,373,6,9,600
295,284,1,2,600
453,397,7,9,600
378,544,9,3,600
523,460,1,4,600
484,342,9,9,668
237,422,2,5,600
311,406,4,0,600
135,59,10,2,277
269,84,10,0,204
476,440,6,2,600
72,193,6,6,633
160,82,1,7,600
148,428,4,5,600
167,384,10,6,439
511,534,3,1,600
259,282,6,2,600
450,58,2,5,600
210,390,5,3,600
188,81,8,7,600
46,142,9,5,600
135,118,8,2,600
358,514,9,5,600
92,466,9,4,600
448,264,1,5,600
529,109,3,5,600
576,499,6,7,600
339,487,3,5,600
445,323,1,4,600
314,172,8,2,600
213,501,3,5,600
288,95,5,5,678
499,410,3,6,600
30,503,0,5,600
187,271,4,4,680
192,360,3,0,600
128,37,5,1,600
510,337,8,9,600
325,193,6,5,600
564,255,4,5,600
213,308,5,4,600
129,491,0,4,600
176,443,3,2,600
572,140,2,2,704
588,263,5,2,600
211,124,1,5,600
560,312,3,5,600
144,32,5,6,600
141,378,4,10,350
250,498,3,3,699
282,324,0,6,600
495,195,10,1,237
24,151,3,2,600
176,403,2,3,600
348,396,6,6,647
422,193,6,1,600
449,385,4,1,600
289,424,8,5,600
195,414,5,9,600
240,153,7,10,508
271,9,3,4,600
355,471,2,5,600
553,65,8,6,600
163,397,7,3,600
458,243,5,8,600
222,504,0,3,600
483,589,4,5,600
334,401,2,7,600
235,247,3,3,754
82,448,5,1,600
454,282,5,8,600
126,220,3,10,353
387,225,1,8,600
457,532,3,4,600
41,478,10,2,282
256,527,7,9,600
498,385,4,3,600
42,383,7,10,479
307,197,9,5,600
300,360,3,7,600
338,287,3,2,600
378,27,5,4,600
272,423,4,9,600
252,478,10,8,539
146,2,2,2,643
263,201,6,6,614
305,347,3,5,600
108,564,6,4,600
154,148,5,8,600
543,241,0,3,600
27,338,3,4,600
147,111,3,4,600
599,39,6,0,600
553,591,6,7,600
129,300,6,4,600
64,527,7,1,600
306,109,2,0,600
289,80,2,5,600
238,558,0,7,600
52,205,5,8,600
174,29,3,7,600
313,253,0,7,600
390,15,7,6,600
520,2,1,8,600
515,368,4,5,600
92,330,0,5,600
148,502,7,4,600
158,317,4,5,600
484,166,4,9,600
265,109,2,0,600
261,504,0,1,600
515,500,5,5,699
176,316,0,3,600
160,183,4,7,600
191,137,7,4,600
14,442,5,5,656
295,482,8,2,600
313,6,4,8,600
101,180,5,2,600
440,287,3,7,600
597,50,6,4,600
82,139,3,0,600
310,371,6,1,600
170,376,10,7,466
32,359,5,5,604
576,593,4,6,600
62,162,6,2,600
447,367,6,10,436
208,516,7,6,600
321,369,3,5,600
80,445,3,3,748
296,427,3,6,600
77,527,7,9,600
125,425,4,1,600
192,220,4,0,600
415,268,3,0,600
466,6,4,9,600
477,548,8,10,542
515,179,10,6,438
550,67,6,0,600
130,283,6,8,600
143,55,5,1,600
515,153,8,6,600
278,413,1,7,600
92,506,0,5,600
201,108,4,6,600
423,21,6,4,600
5,293,9,7,600
496,190,3,1,600
351,481,7,3,600
312,559,9,3,600
267,383,8,10,510
486,352,4,3,600
399,433,2,6,600
104,460,0,2,600
419,581,5,1,600
250,274,6,3,600
528,207,6,8,600
169,97,5,5,612
135,574,6,1,600
246,160,8,7,600
87,457,4,5,600
136,58,1,4,600
441,80,1,9,600
51,87,5,9,600
445,178,5,4,600
327,305,5,6,600
239,437,4,10,362
134,6,5,6,600
51,74,4,9,600
554,552,2,10,306
252,261,2,9,600
68,562,5,5,721
161,156,1,4,600
405,376,9,7,600
241,513,2,0,600
331,118,8,1,600
572,119,9,2,600
469,591,6,5,600
221,354,4,9,600
467,513,2,4,600
293,286,3,9,600
313,441,10,7,508
394,556,0,10,225
193,143,0,5,600
464,443,3,9,600
128,45,6,1,600
92,482,8,5,600
35,15,6,8,600
309,139,3,2,600
540,275,8,4,600
297,31,1,3,600
89,574,5,5,624
589,126,9,5,600
353,372,1,2,600
567,536,4,5,600
95,217,4,5,600
155,257,3,3,720
137,277,8,7,600
360,223,8,3,600
204,486,4,0,600
192,458,9,0,600
485,457,4,9,600
299,395,4,0,600
579,114,3,4,600
562,4,2,5,600
459,327,6,3,600
572,103,0,3,600
394,261,1,10,263
331,37,5,0,600
243,128,0,5,600
79,33,6,5,600
506,549,3,0,600
462,41,2,6,600
115,75,6,8,600
326,502,6,6,633
491,164,1,1,756
35,300,6,8,600
342,251,6,9,600
314,23,0,2,600
257,48,4,3,600
327,529,5,5,638
271,176,3,4,600
179,52,7,10,500
23,140,2,0,600
362,353,3,6,600
374,511,0,2,600
279,73,1,7,600
170,278,6,6,621
587,86,6,9,600
52,517,3,7,600
593,126,9,5,600
57,403,2,9,600
505,303,0,5,600
493,290,4,4,712
554,11,9,9,609
352,29,2,3,600
35,87,6,9,600
306,46,5,0,600
65,145,7,8,600
443,80,2,3,600
207,58,1,6,600
319,432,6,2,600
21,549,2,6,600
140,588,1,1,746
464,444,8,9,600
560,555,1,5,600
563,182,4,4,724
240,377,5,9,600
127,511,1,4,600
84,226,5,10,417
527,139,3,8,600
3,541,0,3,600
559,156,2,10,289
535,127,6,7,600
188,330,0,8,600
321,246,7,5,600
336,362,5,3,600
154,279,7,8,600
91,568,5,1,600
415,145,7,0,600
578,458,8,1,600
358,504,0,6,600
483,269,0,5,600
41,303,0,2,600
271,599,0,3,600
40,525,3,6,600
72,481,7,6,600
191,208,6,4,600
546,166,4,3,600
324,568,5,0,600
199,192,1,2,600
445,283,6,4,600
29,582,1,1,761
528,129,5,8,600
263,0,1,5,600
513,338,3,2,600
12,545,0,10,204
56,512,8,3,600
244,233,3,3,696
224,86,6,3,600
31,469,4,1,600
152,235,2,5,600
426,122,0,5,600
56,380,9,2,600
360,595,6,2,600
16,586,4,2,600
325,447,10,5,392
171,195,9,9,670
434,222,2,8,600
137,436,2,7,600
546,545,0,4,600
318,0,1,5,600
59,380,9,10,580
110,84,10,3,312
315,592,1,2,600
275,415,0,9,600
32,10,5,4,600
320,382,4,4,725
11,339,4,9,600
268,556,2,2,687
330,205,4,0,600
445,583,5,4,600
344,265,0,6,600
78,230,9,9,654
505,385,4,5,600
505,121,4,6,600
295,588,1,1,624
336,297,4,4,619
496,358,5,2,600
471,168,7,3,600
344,133,6,6,710
540,6,4,5,600
478,121,3,10,313
241,106,8,0,600
250,523,5,3,600
530,525,3,4,600
224,321,5,4,600
82,377,5,1,600
567,321,4,5,600
351,59,10,4,361
532,596,5,3,600
373,130,7,6,600
297,376,10,4,359
432,291,3,6,600
212,66,9,1,600
400,301,8,4,600
490,592,1,2,600
219,96,9,1,600
336,514,8,2,600
271,239,10,4,342
102,370,3,9,600
533,524,5,7,600
220,254,3,3,615
308,447,9,6,600
317,481,7,3,600
575,559,9,6,600
352,344,6,3,600
386,195,10,5,437
337,388,10,7,509
373,283,6,6,612
111,33,6,2,600
574,128,2,6,600
419,118,8,2,600
536,284,2,4,600
356,573,8,2,600
123,214,6,0,600
23,216,2,1,600
449,333,4,1,600
98,366,6,4,600
518,480,3,0,600
202,212,2,8,600
51,89,5,8,600
356,244,2,2,656
393,474,2,3,600
331,420,2,0,600
47,26,9,1,600
163,483,6,3,600
568,164,0,4,600
442,412,3,5,600
178,424,7,5,600
30,589,5,5,721
534,8,0,3,600
57,440,6,9,600
67,589,4,6,600
539,480,2,0,600
160,345,3,7,600
94,230,10,6,434
127,573,8,5,600
173,114,3,9,600
452,575,6,2,600
539,270,5,0,600
292,511,0,9,600
527,375,1,8,600
421,334,7,6,600
301,248,0,9,600
95,466,9,4,600
181,57,9,4,600
383,231,6,7,600
138,207,6,0,600
476,18,6,0,600
239,528,8,10,513
199,163,3,1,600
306,273,5,0,600
449,274,5,1,600
146,271,4,2,600
431,478,9,0,600
546,527,7,3,600
405,30,6,7,600
431,40,5,1,600
574,170,6,6,646
110,280,5,3,600
573,346,0,8,600
100,548,8,1,600
362,42,9,5,600
534,82,1,3,600
188,302,1,7,600
531,147,4,1,600
113,399,5,7,600
264,505,5,1,600
231,573,8,7,600
492,348,6,6,691
329,28,0,8,600
327,173,10,6,442
453,416,3,9,600
513,510,8,2,600
501,361,9,3,600
140,220,3,2,600
475,223,8,3,600
309,241,1,2,600
305,411,10,5,416
299,390,5,0,600
400,262,0,4,600
425,520,7,4,600
321,466,8,4,600
382,255,5,4,600
38,45,6,0,600
252,125,0,9,600
391,329,8,0,600
76,281,7,6,600
270,346,0,5,600
528,436,2,8,600
508,581,5,8,600
358,104,2,5,600
147,172,8,4,600
466,231,7,9,600
77,409,1,9,600
56,431,2,3,600
508,70,7,7,676
142,330,0,8,600
236,379,5,9,600
193,136,4,6,600
527,278,7,8,600
133,116,8,5,600
313,325,4,7,600
255,33,5,4,600
510,507,8,9,600
422,464,9,1,600
6,536,4,5,600
495,217,4,2,600
506,94,5,0,600
105,40,6,7,600
408,59,10,2,305
359,183,4,6,600
518,85,0,0,603
579,42,9,5,600
538,559,10,4,378
298,535,8,2,600
294,350,6,4,600
174,17,1,7,600
170,594,5,6,600
50,181,3,7,600
305,51,9,5,600
256,448,5,9,600
543,410,3,3,649
329,421,6,8,600
518,437,3,0,600
83,307,5,5,627
467,306,1,5,600
542,100,1,1,728
192,289,5,0,600
241,468,4,0,600
202,231,7,8,600
174,153,7,8,600
123,235,3,0,600
568,3,3,4,600
140,213,5,1,600
227,321,4,0,600
154,542,3,8,600
155,378,4,2,600
225,217,5,3,600
74,121,4,4,696
262,95,4,0,600
313,218,7,7,610
408,367,6,2,600
429,248,0,4,600
572,445,4,1,600
291,140,2,3,600
223,439,3,8,600
121,388,10,4,343
265,84,9,0,600
149,518,0,5,600
15,61,5,6,600
57,415,0,9,600
251,89,4,6,600
520,376,10,7,487
439,430,4,2,600
149,213,5,4,600
416,316,0,3,600
22,28,0,3,600
551,244,3,4,600
256,86,6,9,600
187,310,0,3,600
126,514,8,9,600
238,326,7,6,600
192,208,7,0,600
34,126,10,2,302
171,408,1,8,600
85,108,4,0,600
75,40,5,6,600
151,223,7,2,600
220,65,8,3,600
84,68,6,10,455
316,390,6,0,600
464,598,4,9,600
111,211,5,4,600
265,334,7,0,600
348,537,3,5,600
498,509,6,3,600
284,141,9,0,600
106,553,6,8,600
588,113,6,1,600
582,109,2,1,600
569,321,5,0,600
518,447,9,1,600
136,245,6,4,600
145,75,6,8,600
377,59,10,5,422
503,546,3,0,600
295,20,9,3,600
125,304,6,0,600
485,80,2,10,285
595,87,5,6,600
184,245,6,6,712
426,276,7,5,600
286,250,3,3,693
166,144,7,4,600
471,312,3,2,600
546,458,8,4,600
509,510,8,5,600
412,335,9,4,600
470,577,2,10,309
98,451,3,4,600
232,14,5,0,600
266,97,4,7,600
148,583,5,5,625
407,342,9,6,600
14,536,5,5,729
114,206,7,3,600
5,353,2,8,600
470,432,6,9,600
111,442,5,4,600
512,270,5,7,600
292,593,5,9,600
496,52,8,1,600
552,509,4,3,600
424,341,2,7,600
24,592,1,3,600
246,94,5,7,600
399,143,0,5,600
498,80,2,4,600
130,353,3,8,600
410,411,9,2,600
70,452,0,6,600
501,314,2,2,687
472,110,3,3,666
556,508,8,0,600
189,398,8,2,600
158,256,9,5,600
141,387,7,9,600
262,514,9,1,600
126,404,3,9,600
270,95,4,5,600
198,124,1,5,600
57,44,3,9,600
587,487,3,8,600
55,73,2,4,600
309,229,6,1,600
361,516,8,9,600
506,205,5,0,600
543,167,6,4,600
61,393,3,5,600
287,516,8,4,600
240,94,5,10,413
3,521,4,3,600
413,544,9,1,600
245,531,2,6,600
195,388,9,9,617
401,349,4,2,600
477,449,2,10,290
249,189,3,7,600
517,54,2,2,652
60,33,6,5,600
254,16,2,3,600
381,456,9,8,600
394,29,1,10,234
454,527,8,8,652
97,467,5,5,708
109,456,8,2,600
231,34,2,7,600
298,151,3,1,600
290,495,1,5,600
428,276,7,5,600
40,103,0,5,600
349,35,8,4,600
50,3,3,7,600
479,306,0,9,600
104,318,6,2,600
74,250,4,5,600
286,452,1,3,600
94,569,0,5,600
223,118,8,8,677
34,393,3,2,600
340,255,5,4,600
86,271,4,5,600
173,589,4,10,390
111,198,6,3,600
343,122,0,4,600
355,61,6,4,600
447,468,5,9,600
59,40,6,9,600
331,586,4,0,600
181,501,3,3,614
436,174,7,2,600
24,574,5,2,600
411,493,4,9,600
577,458,9,2,600
447,360,2,9,600
532,482,7,3,600
410,44,4,2,600
190,539,0,2,600
241,149,5,1,600
287,416,3,3,629
558,24,3,0,600
416,101,3,4,600
391,493,3,0,600
278,173,10,6,455
264,340,5,2,600
477,139,4,10,350
416,63,5,4,600
382,427,2,5,600
201,337,8,6,600
533,173,9,7,600
289,6,5,5,640
351,67,5,4,600
153,306,0,7,600
1,16,3,5,600
329,191,5,7,600
19,515,5,6,600
62,480,3,1,600
135,187,3,1,600
533,448,6,8,600
326,196,0,6,600
246,364,2,6,600
201,556,1,7,600
287,486,4,4,743
559,301,8,10,537
216,571,7,3,600
104,578,0,3,600
468,75,7,4,600
453,151,3,10,342
515,518,0,6,600
535,153,7,7,674
501,263,6,3,600
93,18,6,5,600
549,546,3,2,600
233,239,10,4,371
376,367,6,10,448
522,98,5,5,655
449,319,1,2,600
308,496,1,6,600
520,364,3,8,600
447,51,9,9,658
183,135,2,5,600
397,318,6,8,600
80,134,7,1,600
583,96,10,5,416
572,242,3,2,600
473,425,5,3,600
398,504,0,9,600
260,475,4,5,600
298,44,3,3,648
331,599,0,0,600
4,111,4,2,600
472,301,8,4,600
227,550,0,0,624
312,407,5,3,600
232,351,3,0,600
277,276,7,8,600
585,571,5,7,600
188,264,1,7,600
172,79,4,8,600
208,466,8,5,600
191,436,2,4,600
118,546,4,8,600
198,9,3,5,600
447,263,6,9,600
287,541,0,3,600
486,38,3,4,600
556,337,8,0,600
93,245,6,5,600
50,111,3,6,600
412,59,10,4,371
308,351,3,6,600
279,515,5,7,600
95,462,6,4,600
447,70,7,10,477
315,213,5,2,600
315,517,3,3,701
311,510,8,0,600
86,115,8,6,600
183,469,4,5,600
215,128,2,3,600
277,189,2,7,600
476,598,5,1,600
178,274,6,5,600
570,101,1,8,600
233,259,3,3,643
190,103,0,2,600
498,491,0,4,600
129,27,3,5,600
176,97,4,3,600
272,62,1,8,600
386,23,1,5,600
406,378,4,4,664
458,490,3,8,600
436,320,2,2,625
77,100,1,9,600
230,116,8,9,600
147,517,2,4,600
430,424,7,3,600
573,437,3,8,600
524,489,10,5,424
517,38,1,3,600
243,257,3,5,600
184,117,5,6,600
150,222,2,1,600
580,368,4,9,600
528,230,10,8,542
303,453,9,0,600
15,124,1,7,600
7,313,7,4,600
105,365,7,8,600
112,194,6,4,600
14,29,2,5,600
572,221,10,3,316
50,495,1,6,600
313,33,5,7,600
274,76,5,5,716
399,266,7,6,600
393,366,5,3,600
101,262,1,2,600
176,527,8,3,600
188,232,0,8,600
242,52,7,3,600
503,429,4,0,600
83,471,3,5,600
371,468,3,7,600
279,524,5,7,600
184,292,10,6,457
103,89,5,0,600
194,278,6,6,640
352,323,0,3,600
431,179,9,1,600
86,346,1,6,600
542,1,5,2,600
190,411,9,3,600
506,303,0,0,600
594,10,5,6,600
482,241,1,7,600
452,65,9,1,600
425,544,10,4,376
264,594,5,2,600
590,78,9,6,600
588,96,9,1,600
406,290,5,5,698
532,296,5,3,600
379,269,0,5,600
397,356,3,7,600
391,30,5,0,600
520,439,2,7,600
130,213,5,8,600
179,390,6,10,461
300,492,6,7,600
439,255,5,1,600
560,445,4,6,600
208,61,5,6,600
130,396,5,7,600
285,568,4,8,600
438,527,7,1,600
436,175,4,3,600
370,177,0,4,600
133,584,5,6,600
459,27,4,3,600
143,556,1,0,600
326,501,3,6,600
367,373,6,6,701
95,542,3,4,600
60,353,3,5,600
393,471,3,3,638
71,178,5,5,639
186,154,8,2,600
38,231,7,0,600
540,79,4,5,600
238,340,5,6,600
540,527,8,5,600
354,133,6,5,600
400,100,2,3,600
554,282,6,9,600
562,301,8,5,600
91,273,6,1,600
252,305,5,8,600
285,334,7,8,600
502,252,9,6,600
23,307,4,0,600
222,70,6,3,600
310,499,7,0,600
370,478,9,4,600
559,135,1,9,600
200,135,1,5,600
125,315,2,1,600
403,329,8,2,600
95,116,8,4,600
302,463,2,1,600
294,170,6,4,600
327,339,4,5,600
444,296,6,7,600
156,190,3,1,600
416,541,0,3,600
197,73,3,9,600
165,274,5,4,600
320,274,6,3,600
147,159,7,3,600
594,326,7,5,600
149,17,1,5,600
272,257,3,9,600
139,277,8,3,600
50,378,4,7,600
351,243,5,4,600
127,553,6,6,621
53,234,9,1,600
409,483,5,0,600
65,198,6,7,600
63,86,7,5,600
110,189,2,3,600
212,441,9,2,600
84,217,4,9,600
429,488,5,4,600
515,592,0,4,600
171,581,5,9,600
375,551,5,2,600
40,51,9,5,600
190,525,4,2,600
183,113,7,5,600
0,430,3,2,600
215,200,5,5,727
510,22,2,9,600
464,491,0,9,600
344,268,2,5,600
366,254,2,6,600
33,562,5,5,697
442,32,5,4,600
162,125,2,6,600
67,167,6,5,600
35,140,2,9,600
437,536,3,3,602
272,131,9,9,686
51,348,6,9,600
175,136,4,4,637
535,204,1,8,600
591,514,8,6,600
252,565,1,8,600
8,99,5,1,600
532,469,5,3,600
475,523,4,3,600
347,141,10,3,317
370,20,9,3,600
73,284,1,2,600
18,559,9,6,600
40,334,7,5,600
427,516,8,3,600
287,101,3,4,600
185,188,8,0,600
92,460,2,5,600
356,136,5,2,600
349,397,7,4,600
22,159,6,2,600
263,100,1,6,600
94,529,5,5,728
26,111,4,8,600
553,44,3,6,600
220,365,7,3,600
275,13,9,8,600
447,362,6,10,440
408,477,9,2,600
285,429,4,8,600
341,283,6,2,600
456,251,6,9,600
499,297,4,6,600
293,325,5,9,600
92,437,4,5,600
223,497,2,8,600
354,194,6,4,600
587,282,5,8,600
525,56,4,3,600
128,405,7,1,600
363,473,2,5,600
288,276,7,4,600
462,227,0,5,600
143,231,7,0,600
598,128,2,4,600
328,40,5,3,600
453,421,6,9,600
76,442,6,5,600
514,365,7,8,600
382,79,4,4,651
392,247,4,7,600
50,410,2,7,600
375,361,9,2,600
137,280,5,6,600
431,500,5,1,600
562,75,6,5,600
16,125,1,3,600
165,123,0,4,600
408,226,5,1,600
92,447,9,5,600
163,16,3,2,600
13,382,5,10,411
450,302,1,4,600
391,310,0,0,600
171,488,6,8,600
59,346,1,10,235
514,127,5,8,600
164,289,5,1,600
357,341,2,7,600
67,154,8,6,600
369,582,1,2,600
251,452,1,7,600
225,564,6,2,600
107,448,6,4,600
123,301,8,1,600
358,269,0,5,600
496,113,7,1,600
220,419,2,2,650
210,241,0,2,600
355,295,2,4,600
430,8,1,4,600
401,17,2,3,600
46,220,4,5,600
323,430,3,0,600
266,150,1,8,600
519,443,3,3,760
459,422,2,3,600
262,478,10,2,277
256,500,4,9,600
396,430,3,5,600
199,521,4,0,600
337,493,4,7,600
588,246,7,0,600
297,464,9,3,600
585,24,2,7,600
450,139,3,5,600
42,451,2,10,294
489,355,4,9,600
476,570,8,1,600
312,205,4,3,600
510,311,0,9,600
181,479,9,4,600
11,144,6,9,600
185,378,3,1,600
407,215,5,6,600
509,117,5,5,682
404,467,5,2,600
340,0,1,5,600
588,238,7,2,600
43,24,2,9,600
554,527,8,10,520
455,534,2,7,600
483,531,2,6,600
283,239,9,6,600
54,400,3,2,600
190,230,10,2,301
453,99,5,9,600
59,412,4,10,372
171,112,4,9,600
430,175,4,3,600
63,226,5,6,600
574,154,8,5,600
430,68,6,4,600
321,596,7,4,600
510,278,6,9,600
566,586,4,8,600
467,463,3,4,600
347,121,3,2,600
30,481,7,4,600
99,542,2,4,600
295,387,7,2,600
334,284,1,7,600
387,176,4,7,600
127,565,1,6,600
591,224,2,6,600
56,299,0,3,600
377,146,3,6,600
86,205,5,6,600
284,349,4,0,600
75,53,0,7,600
314,406,4,2,600
274,575,5,6,600
391,290,4,0,600
479,238,6,10,460
121,588,1,4,600
175,322,4,5,600
297,206,7,3,600
52,32,5,7,600
231,579,5,7,600
291,359,5,3,600
114,198,6,3,600
153,490,3,7,600
394,274,5,10,418
498,106,8,4,600
217,136,5,5,651
80,527,8,2,600
207,328,2,5,600
81,198,6,7,600
471,440,7,3,600
572,47,0,3,600
292,287,4,10,354
114,150,2,3,600
305,491,0,5,600
80,128,2,2,677
553,565,2,6,600
469,506,0,5,1
407,415,0,6,600
590,35,9,6,600
426,155,3,6,600
175,513,3,4,600
223,295,2,8,600
452,532,2,2,721
138,303,0,0,600
105,586,5,8,600
280,421,6,5,600
514,64,3,8,600
463,99,4,3,600
531,508,7,2,600
526,386,4,5,600
220,50,6,3,600
554,157,3,9,600
223,347,3,8,600
292,85,0,10,201
44,183,5,2,600
477,186,2,9,600
202,151,3,8,600
483,359,6,5,600
303,544,10,0,136
563,344,5,3,600
496,454,8,1,600
374,150,1,1,622
186,551,4,1,600
526,183,5,5,662
362,346,2,6,600
572,222,2,2,621